user_id,q1,q2,q3,q4,q5,total_score
1,4,1,4,5,3,17
2,1,5,3,3,5,17
3,3,2,2,2,2,11
4,3,5,1,1,2,12
5,1,4,1,4,3,13
6,4,5,5,4,1,19
7,4,3,5,5,1,18
8,5,3,3,2,4,17
9,5,4,3,1,2,15
10,4,4,1,5,1,15
11,2,2,3,2,3,12
12,3,1,5,1,4,14
13,5,2,1,4,2,14
14,2,5,1,4,4,19
15,5,1,2,5,1,17
16,1,4,2,2,3,12
17,3,3,3,4,3,18
18,5,5,3,2,3,18
19,4,2,5,5,1,19
20,1,4,5,3,5,20
21,1,1,2,2,3,9
22,4,1,1,2,5,13
23,1,3,4,5,3,16
24,3,4,4,3,5,22
25,5,4,3,4,2,18
26,1,5,4,1,2,13
27,3,5,4,5,3,23
28,4,1,2,1,4,12
29,5,2,1,3,4,15
30,4,1,5,3,1,14
31,5,5,2,2,2,16
32,1,5,5,1,2,12
33,1,5,2,1,4,13
34,5,1,2,3,3,16
35,3,4,4,1,1,13
36,3,2,5,4,2,19
37,3,2,2,3,1,11
38,2,5,4,2,2,17
39,3,3,3,2,5,18
40,1,1,5,2,5,14
41,2,4,2,1,1,10
42,3,5,3,3,4,18
43,1,3,4,2,4,14
44,2,5,2,3,2,14
45,1,3,4,1,5,17
46,5,2,4,4,5,20
47,1,3,4,4,1,13
48,2,2,5,4,1,14
49,3,2,3,1,4,13
50,2,1,3,2,4,15
51,3,3,1,1,4,12
52,3,4,2,3,3,15
53,4,4,4,4,5,21
54,5,3,2,3,5,18
55,4,1,3,1,1,10
56,2,4,3,5,5,19
57,4,5,4,5,1,21
58,3,4,5,1,3,16
59,2,1,4,2,4,13
60,4,2,4,3,3,16
61,1,2,1,1,4,9
62,5,2,5,1,4,17
63,1,1,2,5,1,13
64,2,2,5,4,4,19
65,4,2,4,4,3,17
66,3,1,4,2,2,12
67,4,5,4,2,1,16
68,2,4,4,2,4,16
69,2,1,4,5,4,16
70,2,1,5,1,5,14
71,2,3,4,2,1,12
72,4,2,3,5,1,15
73,1,5,3,3,3,15
74,3,3,1,1,2,10
75,3,5,2,3,3,18
76,5,2,3,4,3,17
77,2,2,1,4,3,12
78,2,2,5,1,2,12
79,2,4,2,2,3,13
80,1,5,4,1,1,14
81,2,5,4,2,2,15
82,5,3,5,4,4,21
83,5,1,2,1,5,14
84,1,2,3,1,5,12
85,2,2,2,2,1,12
86,4,3,1,4,5,17
87,4,5,5,4,5,23
88,3,4,3,2,5,17
89,1,5,2,2,4,14
90,4,4,2,2,5,17
91,3,4,3,4,3,17
92,5,5,1,4,1,16
93,3,2,1,1,1,8
94,2,4,2,4,1,13
95,2,3,4,3,4,16
96,5,3,3,3,4,21
97,1,4,1,2,5,13
98,2,2,1,2,3,10
99,2,4,1,2,5,14
100,3,3,5,1,1,13
101,3,3,4,3,3,19
102,3,5,1,3,1,13
103,4,2,4,4,3,17
104,5,5,2,3,2,20
105,1,1,2,4,4,12
106,3,4,5,1,4,17
107,1,5,4,2,1,12
108,3,2,3,2,1,11
109,2,4,5,4,2,17
110,1,4,1,5,5,16
111,4,4,2,4,3,20
112,3,4,2,1,2,12
113,5,4,3,3,2,17
114,2,2,5,4,1,12
115,3,1,4,1,1,10
116,1,3,2,2,5,13
117,3,1,1,5,5,15
118,2,3,3,5,1,16
119,5,5,3,4,4,21
120,5,4,3,3,5,20
121,5,5,1,4,2,17
122,2,5,3,5,1,18
123,3,3,4,5,3,18
124,2,2,4,2,3,15
125,2,4,5,3,4,18
126,3,5,5,3,1,16
127,4,1,4,5,2,19
128,5,4,1,5,4,19
129,1,2,5,4,2,14
130,1,4,3,4,3,15
131,3,5,4,2,2,18
132,1,1,2,5,3,12
133,4,5,1,4,5,22
134,2,2,1,2,3,10
135,5,3,4,3,3,20
136,1,1,2,5,4,13
137,1,2,1,1,4,9
138,3,2,5,5,1,16
139,3,5,2,4,1,15
140,2,5,3,5,3,20
141,5,5,5,1,5,21
142,1,3,2,5,1,12
143,2,4,4,4,3,19
144,5,4,1,3,4,17
145,2,5,5,4,1,17
146,1,5,4,2,1,13
147,3,3,2,4,3,18
148,3,4,3,2,3,18
149,3,3,1,5,2,14
150,4,2,1,2,2,11
151,2,4,5,5,5,21
152,1,5,4,2,1,13
153,2,1,2,4,2,11
154,3,2,2,1,3,11
155,2,1,4,5,1,13
156,5,3,1,2,2,13
157,2,3,4,1,5,13
158,4,3,2,2,5,16
159,4,5,4,2,5,23
160,3,3,1,2,5,14
161,1,1,5,4,3,17
162,5,2,1,2,5,15
163,1,5,3,1,4,14
164,1,2,3,2,5,15
165,5,3,4,3,2,17
166,4,4,1,5,1,15
167,3,5,1,4,2,15
168,2,3,2,3,1,9
169,4,5,5,3,3,20
170,3,4,1,1,1,10
171,4,1,4,1,4,17
172,5,1,2,4,5,20
173,1,1,2,4,2,10
174,5,4,4,5,1,19
175,2,2,4,2,2,12
176,5,4,1,4,5,19
177,1,4,1,4,3,13
178,4,3,2,2,5,16
179,3,1,2,5,3,14
180,2,5,5,1,2,13
181,4,2,2,5,3,16
182,3,5,4,2,3,19
183,1,3,4,1,3,14
184,5,3,5,1,3,17
185,4,2,3,1,3,13
186,3,5,3,5,1,17
187,3,2,4,2,3,14
188,5,2,3,5,3,18
189,4,1,3,5,5,21
190,4,5,5,3,5,24
191,1,1,2,4,5,13
192,4,1,2,5,3,15
193,5,1,3,3,5,17
194,4,4,1,2,1,15
195,1,3,5,3,2,14
196,3,3,3,5,5,19
197,4,4,1,2,5,18
198,5,2,1,3,1,12
199,4,5,5,5,4,23
200,2,5,2,2,4,18
201,1,5,4,2,1,13
202,3,1,1,4,5,14
203,2,5,4,5,2,18
204,5,5,4,4,5,23
205,4,5,5,2,1,19
206,1,3,2,2,1,12
207,4,4,5,3,3,19
208,4,2,1,4,1,12
209,4,4,2,1,3,14
210,4,5,3,5,1,16
211,1,2,2,4,3,12
212,2,2,5,2,3,14
213,5,4,5,3,5,22
214,2,4,4,5,3,18
215,1,4,3,5,4,17
216,5,4,2,3,1,15
217,3,1,3,2,2,11
218,2,3,4,1,1,11
219,1,3,3,3,5,15
220,1,5,3,1,5,15
221,1,1,2,4,3,10
222,5,2,3,5,5,23
223,4,4,4,2,5,19
224,3,5,1,1,1,14
225,5,2,1,2,4,14
226,5,3,5,4,4,21
227,2,2,1,1,3,9
228,3,4,2,2,5,19
229,1,4,5,2,5,17
230,5,3,1,4,4,17
231,3,4,1,3,3,14
232,2,1,5,4,5,17
233,4,5,2,1,3,15
234,3,3,5,1,1,13
235,1,3,2,5,5,15
236,5,2,2,2,5,16
237,4,3,4,1,5,19
238,2,5,1,3,4,15
239,1,1,1,3,4,10
240,4,2,3,4,5,18
241,2,5,5,1,5,18
242,1,3,4,1,1,10
243,5,4,1,5,1,16
244,2,4,3,5,3,17
245,4,5,4,5,3,24
246,1,1,2,1,4,9
247,3,4,1,4,2,14
248,1,5,5,4,1,16
249,4,2,4,4,3,17
250,4,3,3,4,1,15
251,3,1,5,3,1,16
252,4,1,2,1,2,10
253,1,2,5,2,1,9
254,2,1,3,1,2,9
255,1,5,2,4,2,17
256,4,1,3,3,1,12
257,3,1,1,3,1,9
258,3,1,3,1,3,11
259,5,5,5,2,1,18
260,3,3,1,4,1,12
261,3,4,1,3,1,15
262,4,1,4,4,3,16
263,2,2,5,4,2,17
264,2,2,5,4,3,18
265,4,5,2,5,1,17
266,3,3,3,4,5,21
267,1,1,3,4,1,10
268,2,5,5,2,3,19
269,4,4,3,2,3,16
270,1,3,5,5,4,18
271,3,3,1,5,5,17
272,4,5,3,4,3,21
273,2,2,3,3,2,12
274,1,3,5,3,1,13
275,1,2,5,1,2,13
276,2,3,2,3,3,13
277,1,3,3,3,3,13
278,2,3,4,2,2,13
279,4,4,5,1,2,16
280,5,2,4,1,4,16
281,3,4,1,2,1,11
282,4,2,1,3,2,12
283,3,4,4,3,1,15
284,3,4,1,1,5,16
285,2,4,4,3,3,15
286,5,5,2,1,2,18
287,3,4,2,3,5,17
288,3,3,1,4,3,14
289,4,1,4,2,4,15
290,5,4,4,5,3,21
291,5,1,4,4,2,16
292,3,1,1,3,5,13
293,5,3,4,5,5,22
294,4,1,5,4,5,19
295,2,1,4,2,3,12
296,3,1,5,5,1,15
297,1,2,2,5,1,11
298,3,4,5,2,3,17
299,3,4,2,4,2,15
300,2,1,1,5,3,12
301,1,3,2,2,1,11
302,1,2,2,4,3,12
303,1,3,4,3,5,16
304,2,3,3,1,2,11
305,5,1,2,3,2,13
306,1,5,5,3,4,18
307,5,1,1,1,3,11
308,4,5,5,3,5,22
309,2,2,1,3,3,11
310,5,5,5,2,4,21
311,1,1,2,2,4,10
312,1,1,3,4,3,12
313,5,3,2,5,3,18
314,5,1,4,4,3,17
315,4,1,5,2,1,13
316,2,4,3,2,4,15
317,3,4,5,1,2,15
318,4,3,4,1,1,13
319,4,5,4,2,5,20
320,4,5,4,3,2,18
321,1,4,2,4,2,13
322,5,2,2,2,2,13
323,2,4,3,2,4,18
324,1,2,4,1,5,11
325,4,5,2,4,1,18
326,2,4,1,4,5,18
327,1,1,1,5,1,9
328,3,2,2,2,4,13
329,4,2,3,5,5,19
330,1,2,5,1,2,11
331,1,5,4,5,5,20
332,4,3,2,3,4,19
333,3,1,3,2,4,13
334,5,4,5,2,4,20
335,3,2,3,4,1,13
336,4,5,5,5,5,24
337,5,2,1,4,2,17
338,1,4,5,5,2,17
339,3,1,1,5,3,13
340,3,2,4,1,4,14
341,5,5,2,5,2,21
342,1,5,1,4,4,15
343,3,3,3,5,2,16
344,5,5,5,5,5,25
345,3,3,3,2,3,14
346,1,1,1,2,4,9
347,1,4,3,2,1,14
348,2,3,5,3,1,16
349,5,2,2,2,2,13
350,4,2,3,3,5,17
351,3,4,4,3,4,18
352,1,5,5,4,3,18
353,3,2,5,2,5,17
354,3,3,4,5,2,17
355,4,4,1,1,5,15
356,1,2,4,5,3,18
357,2,5,1,2,5,15
358,5,5,2,5,4,21
359,3,2,1,2,2,10
360,4,4,2,2,3,17
361,4,1,2,5,2,14
362,5,2,4,3,4,18
363,5,5,2,4,3,19
364,1,1,1,4,3,10
365,3,4,3,4,2,16
366,3,5,5,4,5,22
367,5,4,5,1,5,20
368,2,2,1,2,1,8
369,3,4,3,1,1,12
370,4,5,2,4,3,18
371,5,2,1,4,2,14
372,3,5,2,5,3,18
373,1,5,4,4,2,16
374,5,1,3,2,4,15
375,4,3,5,4,1,15
376,1,4,1,4,3,13
377,5,4,5,1,4,19
378,5,1,2,2,5,15
379,3,4,2,3,1,11
380,1,1,4,5,2,15
381,5,4,2,3,5,21
382,4,4,2,1,5,16
383,1,5,5,4,4,21
384,3,1,5,5,3,17
385,2,4,1,2,3,12
386,5,3,1,5,4,18
387,2,1,2,1,5,11
388,5,1,3,4,1,12
389,3,1,1,1,5,11
390,3,5,2,2,4,16
391,3,1,5,3,5,20
392,3,5,4,4,5,21
393,1,3,5,4,5,20
394,1,2,5,1,5,12
395,5,5,4,1,1,16
396,1,4,5,1,2,13
397,5,1,1,4,2,16
398,1,2,5,1,3,12
399,1,5,4,5,2,17
400,1,4,2,5,2,14
401,4,2,2,5,2,17
402,3,3,2,4,5,17
403,4,5,4,1,5,19
404,1,5,4,2,1,13
405,1,3,1,1,5,11
406,4,5,4,4,5,22
407,5,1,2,5,2,18
408,3,5,4,4,1,17
409,5,1,3,1,1,11
410,3,5,5,4,2,19
411,2,4,1,2,2,11
412,3,4,2,4,1,17
413,5,2,2,3,4,18
414,3,4,3,4,2,16
415,2,3,1,1,2,9
416,2,2,5,3,1,13
417,1,4,1,5,4,15
418,2,1,1,1,4,9
419,4,5,2,2,3,16
420,5,4,4,4,4,21
421,4,1,5,4,2,15
422,4,2,1,1,5,13
423,5,5,3,4,1,18
424,4,4,2,4,2,16
425,4,2,4,5,1,16
426,4,4,4,4,4,20
427,2,2,2,4,1,13
428,5,4,1,5,2,17
429,5,1,2,4,5,17
430,5,3,4,5,2,21
431,4,1,4,2,3,17
432,2,5,3,4,1,17
433,5,4,3,1,2,15
434,3,3,4,3,4,17
435,5,3,3,2,4,17
436,1,5,3,4,2,15
437,3,5,3,1,3,15
438,5,3,4,3,1,19
439,4,5,1,5,3,20
440,5,5,1,4,5,20
441,2,4,5,5,2,18
442,2,1,3,2,3,11
443,5,2,1,3,5,19
444,4,3,5,3,3,18
445,4,2,2,5,5,21
446,4,3,3,5,4,19
447,5,3,1,2,4,15
448,5,1,1,1,2,13
449,1,3,1,4,3,12
450,2,3,5,1,4,17
451,3,1,2,3,1,10
452,3,5,3,4,4,19
453,2,2,1,2,4,13
454,1,3,4,1,3,12
455,2,1,3,1,5,12
456,1,3,4,4,1,13
457,1,1,5,2,1,10
458,4,2,1,2,5,16
459,2,4,3,1,3,13
460,3,5,3,1,4,19
461,5,4,1,5,5,18
462,5,1,2,4,1,13
463,2,3,5,2,1,13
464,5,5,1,3,4,18
465,1,2,3,4,4,14
466,5,5,2,5,2,19
467,1,3,3,4,5,16
468,1,4,4,1,4,14
469,3,1,3,4,2,13
470,5,4,5,4,3,21
471,3,5,1,4,1,14
472,5,3,3,3,5,22
473,1,1,4,5,3,16
474,5,3,4,4,5,21
475,3,3,1,4,5,16
476,4,5,4,3,4,20
477,3,4,1,2,2,12
478,4,3,5,4,5,21
479,2,3,1,4,3,12
480,3,3,2,2,5,15
481,5,1,4,4,2,16
482,4,3,4,4,1,19
483,5,3,3,4,5,22
484,4,5,2,5,3,19
485,3,3,3,1,1,11
486,3,3,1,5,1,15
487,5,5,5,2,4,21
488,3,1,4,5,4,20
489,5,4,5,5,5,24
490,1,5,1,3,3,13
491,4,1,1,2,4,12
492,5,4,2,2,2,15
493,4,3,3,2,2,14
494,1,5,4,5,1,19
495,4,3,4,2,1,14
496,5,5,5,3,1,19
497,3,4,2,4,2,17
498,4,1,1,5,4,15
499,4,5,2,4,4,22
500,1,1,4,4,5,17
501,2,3,3,5,3,16
502,3,3,5,5,2,17
503,5,4,1,2,1,16
504,1,4,1,3,3,12
505,5,2,1,5,1,14
506,5,2,3,4,3,17
507,4,4,4,5,3,20
508,1,3,4,3,4,18
509,1,1,2,1,5,10
510,3,4,2,4,5,21
511,2,1,4,1,1,9
512,5,2,1,1,2,11
513,3,1,3,3,5,15
514,3,4,4,5,2,21
515,5,3,3,1,1,13
516,4,4,5,2,2,17
517,4,5,1,5,3,18
518,5,5,5,4,3,25
519,1,5,4,5,1,16
520,2,3,2,3,2,12
521,4,4,4,3,2,19
522,2,5,5,4,1,17
523,3,4,3,4,5,19
524,3,2,4,4,4,17
525,5,5,2,3,5,20
526,5,5,5,5,4,25
527,5,3,4,1,2,17
528,4,4,5,1,4,18
529,2,3,5,2,4,16
530,3,3,1,3,2,15
531,2,4,3,4,3,16
532,4,2,1,5,4,18
533,2,4,5,3,1,15
534,2,2,2,2,5,16
535,5,3,2,1,2,13
536,2,2,1,5,2,12
537,2,2,2,1,4,13
538,2,2,5,5,3,17
539,1,5,4,4,3,17
540,3,5,5,5,5,23
541,3,3,4,4,5,19
542,2,4,2,3,3,17
543,5,2,3,1,3,14
544,5,5,3,5,3,21
545,5,4,5,5,4,25
546,3,2,5,2,1,13
547,4,4,2,1,5,16
548,2,1,3,3,2,11
549,3,2,3,4,3,15
550,5,4,5,3,3,20
551,3,2,3,2,1,11
552,3,2,5,3,3,16
553,3,1,1,4,5,14
554,5,4,3,1,3,16
555,4,3,4,2,1,14
556,1,5,2,5,4,17
557,2,2,5,5,5,19
558,2,2,3,1,4,12
559,3,2,3,3,2,13
560,4,2,5,5,1,17
561,5,5,4,2,2,18
562,1,3,3,4,2,12
563,1,1,1,3,2,8
564,3,3,2,4,2,14
565,3,5,5,3,1,17
566,5,4,3,2,4,18
567,5,1,2,4,3,18
568,5,1,5,2,2,17
569,3,4,5,4,3,22
570,4,2,5,3,3,17
571,3,5,4,2,2,16
572,3,4,1,3,5,16
573,1,3,5,3,3,15
574,5,3,4,4,5,21
575,2,4,5,4,4,19
576,5,5,5,2,3,22
577,4,1,4,5,1,15
578,4,1,1,1,4,11
579,5,2,2,4,4,19
580,5,5,3,3,5,21
581,3,3,5,1,2,14
582,2,3,1,2,1,9
583,3,2,3,1,1,10
584,1,3,5,1,5,14
585,1,2,3,5,5,16
586,4,2,4,5,4,19
587,4,4,1,1,5,15
588,2,1,1,5,2,13
589,4,5,2,5,4,20
590,1,5,2,1,4,15
591,2,1,3,4,4,14
592,1,5,4,5,1,16
593,5,3,3,1,1,13
594,5,3,5,4,4,21
595,2,5,1,5,2,15
596,3,4,3,1,3,14
597,4,5,3,5,4,21
598,2,2,1,4,5,17
599,4,2,1,1,3,11
600,1,1,2,4,1,9
601,3,3,2,3,1,12
602,4,4,1,2,3,16
603,5,5,3,3,5,21
604,5,2,5,5,1,18
605,1,3,3,4,1,12
606,2,3,5,1,4,13
607,4,4,1,4,2,15
608,1,4,5,5,5,22
609,5,4,2,1,4,18
610,5,4,1,3,2,15
611,5,2,4,4,1,16
612,3,4,5,2,2,16
613,3,3,5,5,1,17
614,5,3,4,5,4,23
615,2,5,4,4,1,14
616,3,3,1,3,2,12
617,4,3,3,3,4,17
618,3,2,4,2,2,13
619,4,3,5,2,2,16
620,3,1,4,4,3,15
621,5,3,1,1,1,11
622,4,5,1,3,1,14
623,2,5,5,1,2,13
624,3,4,5,1,1,14
625,3,2,5,4,5,19
626,5,5,3,2,1,16
627,4,1,5,1,4,18
628,5,1,1,4,1,12
629,4,4,1,2,5,16
630,3,2,4,1,2,12
631,3,2,5,1,1,15
632,3,3,3,2,4,15
633,3,1,2,2,5,13
634,1,1,4,5,3,14
635,3,1,3,5,2,16
636,3,1,5,4,2,17
637,4,5,3,4,2,18
638,3,2,2,3,5,15
639,3,3,3,5,1,18
640,4,5,2,2,1,16
641,3,2,2,5,1,13
642,3,4,2,4,1,14
643,5,1,3,4,2,15
644,1,3,5,4,3,18
645,4,2,1,2,2,11
646,5,4,1,1,3,14
647,2,1,3,4,3,15
648,2,4,5,5,1,17
649,1,4,1,1,4,11
650,2,5,2,5,5,19
651,1,4,3,4,4,15
652,2,5,3,2,3,15
653,2,5,4,1,4,16
654,5,4,4,1,3,20
655,2,2,4,4,2,12
656,1,4,5,4,2,16
657,3,4,3,4,1,15
658,3,2,4,3,5,17
659,3,1,3,2,2,11
660,1,3,2,2,5,13
661,1,1,4,4,1,11
662,3,4,3,3,5,18
663,2,1,5,4,2,14
664,3,3,5,4,2,17
665,4,1,5,2,4,16
666,1,3,4,3,4,15
667,4,1,5,2,4,16
668,4,5,1,4,5,19
669,1,4,2,5,2,17
670,3,3,3,1,1,11
671,5,4,1,4,3,17
672,4,5,4,3,2,20
673,3,1,3,5,4,16
674,5,4,3,3,4,19
675,4,1,5,4,5,22
676,3,1,3,4,4,15
677,4,4,3,1,5,19
678,3,3,2,3,1,12
679,2,3,4,5,4,18
680,2,4,1,1,5,13
681,1,3,5,3,4,16
682,5,2,2,4,5,21
683,4,1,1,1,2,9
684,4,4,1,4,5,18
685,3,5,2,2,3,18
686,5,4,5,2,1,17
687,4,4,4,1,2,15
688,5,1,2,1,1,10
689,5,5,2,3,2,17
690,2,1,2,5,4,14
691,4,3,5,5,5,22
692,4,4,2,2,4,16
693,1,1,2,2,1,10
694,5,2,3,2,1,13
695,3,4,3,4,2,16
696,2,3,3,5,1,14
697,1,1,3,1,5,11
698,2,1,2,2,1,10
699,3,2,3,3,4,15
700,1,3,1,1,5,11
701,2,2,4,1,1,10
702,3,4,3,1,3,14
703,1,5,5,5,3,19
704,3,1,4,2,4,16
705,1,2,1,3,2,12
706,4,1,4,4,2,15
707,4,1,4,3,1,15
708,2,2,1,3,5,13
709,5,1,3,3,2,17
710,5,3,1,4,3,16
711,3,3,5,3,2,16
712,1,5,1,3,3,13
713,4,3,2,2,2,13
714,5,2,2,2,4,15
715,4,3,4,2,5,18
716,3,5,3,1,1,13
717,3,4,3,3,3,16
718,1,4,2,5,2,14
719,5,2,5,5,1,18
720,3,5,1,5,3,17
721,3,3,1,4,3,14
722,4,5,1,2,4,18
723,2,1,5,2,2,14
724,5,5,5,2,1,18
725,1,3,1,4,2,11
726,1,2,1,3,2,9
727,4,1,5,1,5,16
728,1,5,1,2,3,12
729,3,4,5,3,3,18
730,5,3,4,5,5,22
731,1,2,2,1,5,11
732,5,3,2,5,2,19
733,1,5,5,3,3,17
734,2,2,1,3,1,12
735,2,4,2,5,4,17
736,5,1,3,1,5,15
737,2,5,1,5,1,14
738,2,2,5,5,1,15
739,3,1,3,5,2,14
740,1,2,5,1,5,14
741,2,5,1,4,1,15
742,5,2,4,1,4,18
743,3,4,4,5,1,17
744,2,2,4,2,4,14
745,5,5,1,2,4,17
746,1,2,1,3,4,11
747,2,1,3,4,5,15
748,5,1,1,3,4,14
749,5,3,1,3,5,17
750,4,3,3,2,1,16
751,5,4,3,1,4,20
752,4,1,5,3,3,18
753,1,3,2,3,1,13
754,1,2,2,4,3,12
755,3,4,5,2,3,19
756,4,5,4,1,2,15
757,5,3,1,4,5,18
758,3,3,3,1,2,12
759,3,1,3,1,5,16
760,1,4,4,3,2,14
761,5,1,3,4,1,14
762,4,1,4,3,3,15
763,1,4,5,5,1,15
764,3,2,4,1,5,15
765,2,3,2,4,3,14
766,3,1,4,2,3,13
767,2,3,5,3,5,18
768,1,4,4,5,1,15
769,4,2,5,5,3,19
770,5,5,2,5,1,16
771,2,2,1,3,1,9
772,5,4,5,2,1,17
773,1,2,1,4,3,11
774,1,5,5,1,4,16
775,1,1,4,2,2,10
776,4,2,1,3,5,17
777,2,4,5,4,1,16
778,5,2,5,1,3,16
779,3,5,1,4,5,18
780,1,4,5,1,4,15
781,5,2,1,1,4,13
782,5,4,2,5,3,21
783,4,5,3,3,1,16
784,2,1,2,2,4,11
785,4,5,1,5,4,19
786,4,1,4,5,4,18
787,5,3,4,4,3,19
788,2,5,3,1,5,16
789,2,1,1,1,2,7
790,2,3,5,4,3,19
791,1,3,2,3,1,10
792,2,3,2,1,3,11
793,5,4,3,5,3,20
794,1,5,3,5,2,19
795,3,5,3,1,2,17
796,4,5,3,1,2,15
797,2,5,3,3,5,18
798,3,4,3,1,3,14
799,2,5,5,3,1,16
800,4,1,5,5,2,17
801,5,3,2,3,2,15
802,5,4,2,1,3,15
803,4,4,3,2,1,14
804,3,5,2,1,2,13
805,1,3,3,2,3,12
806,1,1,5,5,4,16
807,2,3,4,4,5,18
808,4,2,5,5,3,19
809,4,3,1,5,2,15
810,1,1,5,5,1,15
811,3,1,1,3,4,12
812,4,1,2,5,1,13
813,5,4,5,4,1,19
814,5,4,4,1,1,15
815,4,2,5,2,3,16
816,3,3,5,5,3,21
817,5,5,5,2,5,22
818,3,2,3,5,4,17
819,1,5,5,3,1,15
820,2,5,5,2,2,16
821,1,2,4,5,1,13
822,2,3,1,5,4,15
823,5,5,1,4,1,14
824,2,4,4,4,3,17
825,2,4,2,4,3,15
826,4,2,5,3,4,18
827,2,5,2,2,5,16
828,4,2,4,3,1,14
829,2,4,2,1,4,13
830,4,2,1,5,2,14
831,5,5,3,5,2,23
832,5,5,2,5,5,24
833,2,4,3,4,3,19
834,3,1,2,5,4,15
835,5,1,4,4,1,15
836,1,3,3,1,4,12
837,1,4,2,3,5,15
838,4,3,4,3,4,21
839,3,4,1,3,5,16
840,4,5,5,4,5,23
841,2,4,4,2,5,17
842,5,2,4,2,4,17
843,3,3,1,1,2,13
844,4,4,3,2,1,14
845,4,3,2,1,5,15
846,1,4,3,5,3,16
847,2,1,4,3,5,15
848,4,3,2,4,4,15
849,1,5,5,1,5,17
850,3,5,5,4,3,20
851,4,4,2,4,2,16
852,1,5,4,3,4,17
853,2,5,1,5,4,17
854,5,3,3,5,4,20
855,3,4,3,2,3,15
856,4,3,1,5,4,17
857,1,4,1,3,2,13
858,4,5,5,4,1,19
859,5,4,1,1,1,12
860,4,4,2,1,5,16
861,4,2,5,5,1,17
862,1,4,4,2,3,16
863,5,2,5,1,1,14
864,3,3,5,2,3,16
865,1,2,3,1,3,10
866,5,3,1,2,5,16
867,5,4,2,2,1,14
868,4,3,1,4,5,17
869,2,5,3,3,4,17
870,2,4,1,1,2,9
871,3,2,2,5,1,13
872,4,1,1,3,4,13
873,2,4,3,4,4,20
874,1,5,2,4,5,17
875,3,3,1,4,5,16
876,4,2,3,5,2,16
877,1,2,3,1,2,9
878,2,5,5,1,2,15
879,2,5,2,2,2,13
880,2,4,2,2,5,15
881,2,1,1,2,3,7
882,5,1,5,5,5,21
883,3,3,2,3,3,14
884,3,2,3,1,5,14
885,2,4,2,2,5,15
886,3,2,5,5,2,16
887,1,4,4,5,3,17
888,1,5,3,2,4,15
889,3,3,2,4,4,16
890,2,5,3,4,4,18
891,4,2,1,4,2,13
892,2,3,3,2,4,14
893,5,4,2,5,5,21
894,4,4,1,5,2,16
895,5,3,1,1,4,14
896,3,5,1,4,2,15
897,5,3,4,2,5,19
898,3,5,4,1,2,15
899,5,3,1,5,4,18
900,4,5,2,1,2,17
901,5,1,1,4,1,12
902,2,3,1,3,4,13
903,3,5,3,4,5,20
904,1,2,3,4,3,13
905,5,2,3,2,2,14
906,3,3,5,3,2,16
907,1,3,3,3,4,17
908,3,4,3,3,4,17
909,3,5,2,5,1,16
910,1,3,4,1,5,13
911,1,2,4,5,2,14
912,4,2,4,3,2,15
913,5,2,5,2,3,17
914,5,5,1,4,2,17
915,3,1,3,4,2,13
916,2,3,2,5,1,13
917,2,1,5,5,3,16
918,3,5,4,2,2,16
919,4,3,5,4,2,18
920,1,4,2,5,5,17
921,3,3,5,1,2,14
922,5,3,4,5,1,21
923,2,3,1,5,2,13
924,2,3,4,3,2,14
925,2,3,4,1,4,14
926,4,5,4,1,2,19
927,5,3,5,2,3,18
928,4,5,2,3,4,18
929,1,3,4,1,3,12
930,3,3,5,3,3,17
931,3,5,2,3,1,14
932,2,3,1,4,2,11
933,2,2,4,1,3,15
934,1,3,3,4,2,15
935,4,4,5,5,2,20
936,5,5,1,5,1,17
937,1,3,1,4,1,13
938,3,3,1,5,3,15
939,3,5,5,4,3,20
940,4,1,2,2,4,13
941,1,2,3,3,2,13
942,5,2,2,2,2,13
943,1,3,4,1,1,10
944,1,5,3,2,1,12
945,4,4,2,2,3,13
946,5,3,4,5,4,23
947,3,2,3,4,4,18
948,2,3,5,1,1,12
949,5,5,4,5,1,20
950,3,4,2,1,4,14
951,4,1,3,3,4,15
952,5,4,4,4,3,20
953,5,3,4,5,4,23
954,3,2,5,2,2,14
955,3,5,4,3,4,19
956,1,3,3,2,5,14
957,1,1,1,1,4,8
958,5,5,3,3,1,17
959,2,5,3,5,1,16
960,4,5,5,2,5,21
961,3,3,5,2,2,15
962,1,1,4,1,4,11
963,4,3,5,1,4,17
964,5,5,4,4,5,23
965,3,5,1,4,3,16
966,3,2,2,1,3,11
967,1,4,5,4,2,16
968,2,3,5,2,4,15
969,3,1,1,1,4,10
970,2,5,5,3,4,22
971,4,3,1,1,1,10
972,3,4,4,5,3,19
973,3,3,5,5,5,21
974,2,4,5,1,1,13
975,1,3,4,3,1,12
976,5,2,5,1,3,18
977,4,3,3,3,4,17
978,3,2,1,2,2,12
979,1,4,2,2,5,17
980,3,5,3,3,3,17
981,4,5,2,4,2,17
982,5,3,3,2,3,16
983,3,1,3,5,3,17
984,2,3,3,1,3,12
985,1,2,1,4,3,11
986,5,2,2,5,4,21
987,3,4,4,1,1,13
988,5,3,4,5,3,20
989,2,4,5,4,2,17
990,3,1,1,3,2,10
991,5,5,1,1,2,14
992,3,5,1,5,1,17
993,3,3,3,5,1,15
994,5,4,1,4,2,16
995,3,4,4,4,4,21
996,2,1,1,4,1,9
997,5,4,3,3,1,16
998,5,2,2,2,4,15
999,2,2,1,5,3,13
1000,2,2,2,3,1,10
1001,2,3,5,5,2,17
1002,3,2,3,3,2,13
1003,3,2,1,1,4,11
1004,4,5,5,2,2,18
1005,3,3,5,5,5,21
1006,2,2,2,4,2,12
1007,4,1,4,2,4,15
1008,2,2,4,5,4,17
1009,1,3,4,1,4,13
1010,5,4,4,5,5,23
1011,1,5,3,5,1,15
1012,2,5,1,5,3,16
1013,3,3,1,2,2,9
1014,5,2,3,5,1,16
1015,3,1,2,4,4,14
1016,3,2,1,3,1,10
1017,5,2,5,4,1,17
1018,5,1,1,1,5,13
1019,1,5,3,2,4,15
1020,2,2,2,3,4,13
1021,3,4,1,2,2,12
1022,2,4,3,2,2,13
1023,2,3,5,5,2,17
1024,4,3,4,4,2,15
1025,1,1,5,3,1,11
1026,3,1,5,5,1,15
1027,5,3,2,3,2,15
1028,5,2,1,4,2,14
1029,2,5,4,5,2,18
1030,1,4,3,3,3,17
1031,1,1,4,5,2,13
1032,3,3,1,2,3,14
1033,3,4,2,1,2,12
1034,2,1,1,3,4,11
1035,2,1,3,4,5,15
1036,2,2,4,3,1,12
1037,4,1,5,1,4,17
1038,1,5,1,3,5,18
1039,2,1,2,3,3,11
1040,1,5,2,3,1,12
1041,5,2,4,4,3,18
1042,5,5,5,1,3,19
1043,1,4,3,1,1,10
1044,5,1,5,4,5,20
1045,5,3,4,3,1,16
1046,5,3,5,3,2,18
1047,3,5,4,1,3,16
1048,3,2,5,3,2,18
1049,1,5,1,2,1,10
1050,1,5,2,3,1,12
1051,4,5,4,3,5,21
1052,3,4,4,5,3,19
1053,1,4,2,1,4,12
1054,3,5,3,1,1,13
1055,4,2,4,2,4,16
1056,1,1,1,2,3,8
1057,1,3,5,2,2,13
1058,1,4,1,1,3,10
1059,1,1,4,5,5,16
1060,2,4,3,5,4,18
1061,3,4,4,4,4,19
1062,3,4,3,1,2,15
1063,3,5,2,4,2,16
1064,4,5,5,3,1,20
1065,2,4,1,2,3,12
1066,3,4,3,4,5,22
1067,3,3,1,4,1,14
1068,1,1,2,1,3,8
1069,1,1,4,2,2,10
1070,1,2,3,2,5,13
1071,3,2,5,5,2,17
1072,1,2,3,4,2,12
1073,3,5,4,5,4,21
1074,4,5,4,4,3,22
1075,4,3,5,1,1,14
1076,5,5,5,1,4,20
1077,2,2,2,3,3,14
1078,1,4,1,4,3,13
1079,1,2,3,4,3,13
1080,2,3,2,2,5,14
1081,2,4,1,2,4,13
1082,5,5,2,5,1,18
1083,2,4,5,3,4,18
1084,3,3,5,1,2,13
1085,1,5,4,4,3,17
1086,2,1,3,5,2,13
1087,3,2,3,3,4,15
1088,2,2,3,2,1,10
1089,3,3,2,3,2,13
1090,4,3,2,5,2,16
1091,3,2,3,1,5,14
1092,5,4,4,2,4,19
1093,3,1,1,2,2,9
1094,2,1,2,1,4,10
1095,4,3,3,2,1,13
1096,4,3,5,5,2,19
1097,3,4,2,2,1,12
1098,2,3,1,4,2,14
1099,4,1,2,3,3,13
1100,3,2,1,5,5,16
1101,3,1,1,1,5,11
1102,3,4,2,5,5,22
1103,4,2,1,4,1,11
1104,1,2,2,2,4,11
1105,2,1,2,2,5,12
1106,5,2,4,5,2,20
1107,5,2,5,2,2,16
1108,2,3,1,2,3,13
1109,1,2,2,4,1,10
1110,2,4,1,1,2,9
1111,3,2,2,3,2,12
1112,2,3,2,5,3,15
1113,2,5,2,1,3,13
1114,4,5,5,3,4,21
1115,5,4,1,1,4,15
1116,5,4,5,5,4,23
1117,3,2,5,4,2,15
1118,3,2,5,4,3,17
1119,4,5,5,4,1,19
1120,3,5,4,1,4,17
1121,1,1,1,5,5,13
1122,4,5,1,2,2,14
1123,4,5,2,2,1,14
1124,2,4,1,4,2,15
1125,2,1,5,1,4,13
1126,1,1,3,2,2,12
1127,4,2,1,1,4,12
1128,4,2,3,5,2,16
1129,2,1,4,4,4,15
1130,5,1,2,3,3,14
1131,5,2,2,4,3,16
1132,2,4,2,3,3,14
1133,3,4,4,2,3,16
1134,4,4,5,3,3,19
1135,1,4,3,1,5,14
1136,5,2,1,3,2,13
1137,3,3,5,2,3,16
1138,4,5,2,2,5,21
1139,3,5,2,4,5,19
1140,4,5,5,2,2,18
1141,4,5,3,1,2,15
1142,2,2,5,3,4,16
1143,2,3,4,5,4,18
1144,1,2,2,2,3,10
1145,1,3,3,3,1,11
1146,3,2,1,4,4,14
1147,2,1,2,5,1,14
1148,4,3,5,4,4,22
1149,2,5,3,1,5,16
1150,4,3,2,4,5,20
1151,2,4,1,3,5,17
1152,4,3,1,5,1,17
1153,3,4,5,4,3,19
1154,2,4,4,4,4,21
1155,5,1,5,1,4,16
1156,5,3,3,3,1,15
1157,4,1,5,4,5,19
1158,3,5,3,3,3,16
1159,4,3,4,2,4,17
1160,3,2,5,1,3,14
1161,1,2,1,1,3,10
1162,2,2,3,1,2,9
1163,3,4,3,3,3,19
1164,4,2,1,4,2,16
1165,1,5,5,4,1,16
1166,4,3,4,3,5,18
1167,5,3,2,3,2,15
1168,5,4,5,2,3,19
1169,2,4,5,5,5,21
1170,2,4,3,5,3,17
1171,1,5,3,1,3,13
1172,5,3,4,4,2,18
1173,3,1,4,1,1,10
1174,5,4,4,4,3,20
1175,2,2,1,4,2,11
1176,4,1,2,2,3,12
1177,1,1,2,3,5,15
1178,5,4,4,3,1,17
1179,3,2,3,3,3,16
1180,3,4,2,5,1,18
1181,3,4,5,3,1,16
1182,1,2,1,5,5,14
1183,3,1,3,1,5,13
1184,3,1,1,5,4,17
1185,5,2,5,4,1,20
1186,1,1,2,2,3,9
1187,4,5,1,2,5,19
1188,4,4,1,4,3,16
1189,3,5,1,1,1,11
1190,2,5,5,2,5,22
1191,1,5,3,4,4,17
1192,2,3,3,2,1,13
1193,1,3,5,5,3,17
1194,1,5,1,2,4,13
1195,5,4,1,5,1,18
1196,3,5,4,5,5,22
1197,5,5,2,2,1,15
1198,2,3,2,2,2,11
1199,2,5,3,5,3,18
1200,4,4,5,2,5,20
1201,5,4,1,1,5,16
1202,5,5,2,3,2,17
1203,5,4,5,3,4,21
1204,4,5,5,4,5,23
1205,5,3,1,3,4,16
1206,5,5,5,1,4,20
1207,5,1,2,3,4,15
1208,5,3,4,3,1,16
1209,2,4,2,1,2,13
1210,3,4,4,5,3,19
1211,2,3,5,3,2,18
1212,5,1,2,4,5,17
1213,1,3,1,3,2,10
1214,1,2,5,3,3,14
1215,4,1,1,1,1,8
1216,2,3,4,1,5,15
1217,4,2,3,4,1,14
1218,4,5,3,2,5,19
1219,1,1,4,1,3,12
1220,2,5,3,2,1,11
1221,3,2,5,4,3,19
1222,2,4,5,3,3,17
1223,4,4,2,3,2,15
1224,5,4,5,2,5,21
1225,4,5,3,4,4,20
1226,2,1,1,4,4,12
1227,1,5,2,1,1,10
1228,2,5,1,2,3,13
1229,3,4,3,1,2,13
1230,5,5,1,2,5,17
1231,5,2,3,1,1,12
1232,4,3,5,1,3,18
1233,2,3,2,4,4,15
1234,1,3,4,4,4,14
1235,3,4,3,3,5,20
1236,4,4,5,3,5,21
1237,2,3,1,4,5,15
1238,1,1,5,4,1,12
1239,2,3,1,1,5,12
1240,1,5,1,3,1,11
1241,2,3,1,4,2,12
1242,2,3,1,2,3,11
1243,4,1,2,2,4,13
1244,2,4,1,3,1,14
1245,2,4,2,2,3,13
1246,4,5,4,1,5,21
1247,4,3,2,3,4,16
1248,5,2,1,4,1,13
1249,5,5,4,2,5,21
1250,4,4,5,1,3,19
1251,3,1,2,4,2,12
1252,1,4,5,5,3,18
1253,4,4,4,1,1,17
1254,5,1,2,2,2,12
1255,2,3,1,1,2,9
1256,4,3,2,5,5,21
1257,4,4,1,5,3,17
1258,5,5,3,1,1,15
1259,5,2,2,4,2,15
1260,3,5,2,4,5,19
1261,5,5,5,5,2,22
1262,5,4,5,3,3,20
1263,5,4,4,3,4,20
1264,2,2,1,4,1,13
1265,4,2,5,3,4,18
1266,4,2,4,4,3,19
1267,5,4,1,2,4,16
1268,3,4,1,4,3,17
1269,5,5,1,2,3,16
1270,3,4,3,5,5,20
1271,4,3,1,3,4,15
1272,3,3,4,5,2,17
1273,3,2,1,1,3,12
1274,1,4,1,1,4,11
1275,3,3,4,5,2,17
1276,3,5,2,4,1,15
1277,2,1,1,4,2,8
1278,4,5,4,3,4,20
1279,5,1,5,5,4,20
1280,1,5,4,1,2,13
1281,3,3,3,5,2,16
1282,2,4,5,5,3,19
1283,2,1,2,3,4,12
1284,5,4,2,4,3,18
1285,5,4,4,1,3,17
1286,4,3,4,3,1,17
1287,3,2,1,1,4,14
1288,2,2,1,1,3,9
1289,1,1,3,4,1,13
1290,4,3,1,4,3,17
1291,3,4,4,3,3,17
1292,5,5,4,2,4,19
1293,3,5,1,3,2,14
1294,5,1,3,3,2,14
1295,3,1,4,2,4,14
1296,1,1,3,1,2,8
1297,4,3,4,5,5,21
1298,5,5,3,2,2,17
1299,1,3,3,5,3,15
1300,2,3,3,1,3,12
1301,1,4,1,2,1,9
1302,1,3,2,4,4,14
1303,1,3,3,3,1,11
1304,5,4,3,2,3,17
1305,2,2,4,2,3,13
1306,4,4,2,1,1,14
1307,1,1,4,4,5,15
1308,5,2,4,2,2,15
1309,5,5,3,4,5,22
1310,4,3,5,5,5,22
1311,3,2,2,2,5,14
1312,2,5,4,4,5,20
1313,2,4,5,3,2,16
1314,1,4,5,1,4,15
1315,3,1,4,4,1,13
1316,2,1,3,1,5,15
1317,1,2,1,2,5,14
1318,3,3,4,2,1,13
1319,5,4,3,5,1,18
1320,1,2,2,1,4,10
1321,3,2,3,3,3,14
1322,4,2,5,3,4,18
1323,2,1,2,4,3,12
1324,1,4,2,3,2,12
1325,5,1,1,1,4,12
1326,1,1,1,2,2,10
1327,2,2,4,1,1,12
1328,2,5,3,1,4,15
1329,3,5,4,2,1,17
1330,5,5,1,1,5,17
1331,3,2,5,3,1,14
1332,5,3,1,4,5,18
1333,1,4,3,4,3,15
1334,1,2,5,1,5,14
1335,3,2,4,2,3,14
1336,4,1,4,5,5,19
1337,2,5,1,1,5,14
1338,3,2,1,1,2,9
1339,3,3,4,5,2,17
1340,1,4,4,4,1,14
1341,2,3,2,4,2,13
1342,3,2,3,5,3,16
1343,1,2,2,2,2,9
1344,1,1,2,1,1,6
1345,3,3,4,3,4,17
1346,3,1,3,4,3,17
1347,1,3,4,4,4,18
1348,3,5,2,4,3,17
1349,2,5,2,2,1,15
1350,1,3,4,5,2,15
1351,1,1,1,2,4,11
1352,3,5,1,4,4,20
1353,3,2,4,1,2,12
1354,3,4,5,4,1,17
1355,2,1,5,1,2,11
1356,1,3,1,1,5,14
1357,4,4,3,4,5,20
1358,2,4,2,4,5,17
1359,2,2,3,1,4,14
1360,1,1,1,2,4,9
1361,4,4,4,2,1,15
1362,1,1,5,2,3,12
1363,2,2,1,3,2,10
1364,3,3,3,1,3,16
1365,1,4,3,3,4,15
1366,1,4,1,3,2,11
1367,3,4,2,1,4,14
1368,4,1,3,3,1,14
1369,4,4,2,1,2,13
1370,1,1,2,5,4,16
1371,3,5,4,5,5,22
1372,1,5,1,1,5,13
1373,3,1,1,1,4,13
1374,2,5,2,1,3,15
1375,3,2,4,2,1,12
1376,1,2,3,1,1,8
1377,5,5,3,4,4,21
1378,4,3,1,5,1,14
1379,1,1,2,5,2,11
1380,3,5,4,1,1,13
1381,3,1,4,5,5,18
1382,4,5,3,1,4,17
1383,1,2,3,1,2,8
1384,5,3,5,5,1,19
1385,2,1,5,5,5,18
1386,5,3,2,4,3,17
1387,2,2,5,3,1,13
1388,2,4,4,4,5,19
1389,1,4,5,4,5,19
1390,2,1,1,5,5,14
1391,3,2,1,4,5,15
1392,2,1,3,5,3,14
1393,2,1,3,2,4,11
1394,4,1,2,1,5,13
1395,4,3,1,3,4,15
1396,1,5,2,2,3,13
1397,1,2,2,1,3,11
1398,3,3,5,1,2,16
1399,4,5,3,3,2,17
1400,5,1,2,4,5,17
1401,1,4,2,1,4,15
1402,1,3,3,3,3,13
1403,4,2,3,5,1,15
1404,4,2,1,1,2,10
1405,3,5,3,1,2,14
1406,4,3,5,4,1,17
1407,2,1,1,4,4,15
1408,5,5,2,5,4,21
1409,2,2,5,1,4,14
1410,2,3,5,4,5,19
1411,2,4,1,3,5,15
1412,1,1,2,1,1,6
1413,2,2,1,3,3,11
1414,1,3,4,2,1,10
1415,4,4,4,5,3,20
1416,5,2,1,4,1,13
1417,5,4,2,2,5,18
1418,2,2,2,4,4,14
1419,5,5,3,2,2,17
1420,1,5,5,4,1,16
1421,4,5,1,5,1,16
1422,2,3,5,1,2,13
1423,3,5,5,3,1,17
1424,5,3,4,2,4,21
1425,5,1,4,3,2,17
1426,2,5,1,3,2,16
1427,5,3,1,4,4,16
1428,5,2,2,1,4,16
1429,3,3,1,4,2,13
1430,1,3,2,3,4,13
1431,2,2,2,5,4,15
1432,2,3,1,1,4,11
1433,3,2,2,1,2,10
1434,3,4,5,3,1,16
1435,1,5,2,4,3,15
1436,4,1,5,5,2,17
1437,2,3,5,2,3,15
1438,5,2,5,4,4,20
1439,1,5,3,1,4,14
1440,2,3,3,4,1,13
1441,1,5,2,2,4,14
1442,4,4,1,5,3,17
1443,2,3,2,5,2,14
1444,5,2,3,2,2,16
1445,2,4,4,2,1,13
1446,1,3,4,3,3,14
1447,4,5,2,1,4,16
1448,1,4,3,3,5,16
1449,1,2,5,4,1,13
1450,3,3,3,2,1,12
1451,1,5,2,3,5,16
1452,4,5,3,1,2,15
1453,5,4,4,1,2,16
1454,3,3,5,2,2,14
1455,1,5,2,3,5,16
1456,2,4,2,5,4,19
1457,3,1,1,2,4,11
1458,4,5,5,4,3,21
1459,2,4,2,3,3,14
1460,4,1,3,3,2,13
1461,2,4,3,2,5,16
1462,5,5,3,3,1,19
1463,4,1,3,3,4,15
1464,2,4,2,4,5,19
1465,4,3,4,4,3,18
1466,3,1,5,5,4,18
1467,4,4,3,4,4,19
1468,4,3,2,5,5,19
1469,2,1,2,4,3,15
1470,4,4,3,5,5,21
1471,5,5,1,4,1,16
1472,1,1,2,4,4,12
1473,3,1,5,2,5,16
1474,2,3,5,4,5,19
1475,4,4,1,5,1,15
1476,4,5,2,2,5,18
1477,4,3,1,5,4,17
1478,3,1,2,4,2,12
1479,1,3,2,4,2,14
1480,5,3,1,5,3,17
1481,5,3,4,3,1,16
1482,2,1,3,2,3,11
1483,1,2,3,2,2,10
1484,1,3,3,4,1,12
1485,3,2,1,2,5,13
1486,4,5,2,5,5,21
1487,1,5,2,4,4,18
1488,4,5,5,2,2,20
1489,3,4,2,1,5,17
1490,2,1,4,2,1,10
1491,2,2,3,5,5,17
1492,4,4,4,2,3,16
1493,4,2,3,3,3,15
1494,1,1,1,3,3,9
1495,3,3,4,4,3,17
1496,2,4,2,3,3,13
1497,1,1,3,5,4,12
1498,5,4,5,1,3,18
1499,1,5,4,1,4,15
1500,4,4,1,4,4,17
1501,5,3,5,4,5,22
1502,1,3,1,3,1,9
1503,3,2,3,5,3,19
1504,2,4,4,3,1,14
1505,5,5,1,5,2,18
1506,3,3,5,5,4,20
1507,1,2,5,1,2,11
1508,4,5,2,5,4,20
1509,4,5,1,2,3,15
1510,3,5,4,5,2,19
1511,4,1,4,1,5,17
1512,2,3,2,3,2,12
1513,3,1,5,5,4,18
1514,3,1,1,2,4,13
1515,4,3,5,4,1,17
1516,3,4,1,3,2,13
1517,1,2,1,4,5,13
1518,5,3,1,2,3,14
1519,5,2,5,1,1,16
1520,4,4,5,1,2,14
1521,2,3,5,3,1,14
1522,2,5,3,5,2,17
1523,4,3,5,5,3,20
1524,4,4,2,4,3,20
1525,3,1,3,1,5,13
1526,2,3,1,5,1,12
1527,5,5,4,5,5,23
1528,4,3,3,1,2,13
1529,5,1,3,1,3,13
1530,5,3,1,2,3,16
1531,2,5,5,4,4,20
1532,5,4,5,1,4,22
1533,3,5,3,2,5,18
1534,3,4,5,1,1,14
1535,2,5,3,3,2,15
1536,3,2,4,3,5,20
1537,4,3,4,3,3,17
1538,2,3,1,1,3,10
1539,5,1,2,5,3,18
1540,4,2,2,5,2,18
1541,2,1,5,3,5,16
1542,5,3,2,4,2,16
1543,5,1,4,2,3,15
1544,5,4,1,3,4,17
1545,5,2,4,2,5,18
1546,5,5,3,2,4,19
1547,2,4,5,3,5,21
1548,3,5,5,5,3,21
1549,5,1,2,4,4,16
1550,4,3,3,3,4,17
1551,2,4,2,2,5,15
1552,1,2,2,1,4,10
1553,3,5,2,1,4,17
1554,4,4,3,2,3,19
1555,5,3,2,3,5,18
1556,2,2,5,5,5,19
1557,2,2,2,3,1,10
1558,5,5,3,4,5,24
1559,4,4,3,1,3,15
1560,2,4,4,2,4,16
1561,3,2,2,5,1,13
1562,4,1,3,3,4,15
1563,5,2,2,4,5,20
1564,4,3,1,3,2,13
1565,4,4,5,4,4,21
1566,1,5,5,3,5,19
1567,5,4,2,5,3,19
1568,3,2,5,5,5,20
1569,5,3,5,2,1,18
1570,1,1,1,5,2,10
1571,5,4,5,4,2,20
1572,5,2,5,2,2,18
1573,3,2,3,5,3,16
1574,1,2,5,1,2,14
1575,5,3,2,4,4,18
1576,5,2,5,2,3,17
1577,2,2,2,4,5,17
1578,5,2,5,2,1,15
1579,3,4,2,4,3,16
1580,2,2,5,1,1,14
1581,1,3,2,5,3,14
1582,4,4,5,3,5,21
1583,3,2,1,3,1,13
1584,1,1,3,3,3,11
1585,2,3,3,2,1,11
1586,4,1,3,5,2,15
1587,1,3,3,2,2,11
1588,3,1,1,2,2,9
1589,2,2,1,2,4,13
1590,3,1,5,2,2,13
1591,3,1,1,5,2,14
1592,2,3,3,3,5,19
1593,5,2,4,4,1,16
1594,3,3,5,2,1,14
1595,2,2,2,5,2,16
1596,3,5,3,1,1,16
1597,5,4,3,4,3,19
1598,2,4,3,2,2,12
1599,1,3,1,2,2,9
1600,1,2,2,4,4,13
1601,1,1,5,4,3,14
1602,4,4,3,2,2,15
1603,3,3,2,5,2,15
1604,3,3,4,1,1,12
1605,2,3,1,5,2,13
1606,4,2,3,3,2,16
1607,3,3,2,3,2,13
1608,2,5,2,3,2,14
1609,5,1,3,2,4,15
1610,3,3,2,1,3,12
1611,3,2,2,1,4,12
1612,5,1,5,2,1,17
1613,5,1,1,2,5,14
1614,3,4,5,2,2,16
1615,5,3,1,1,1,11
1616,2,3,1,2,5,11
1617,3,2,5,4,2,16
1618,3,5,3,4,2,17
1619,1,5,2,4,5,17
1620,3,4,4,2,4,17
1621,1,5,5,4,5,20
1622,5,2,5,2,5,22
1623,5,4,3,4,3,19
1624,2,3,2,2,2,11
1625,1,5,5,5,2,16
1626,3,2,4,3,4,16
1627,1,2,2,5,4,14
1628,5,3,5,3,3,19
1629,5,2,5,3,3,18
1630,2,4,1,4,3,14
1631,5,4,1,3,4,17
1632,1,1,5,3,5,18
1633,3,3,3,5,2,16
1634,3,2,1,3,2,11
1635,1,5,5,2,1,14
1636,2,4,2,2,4,14
1637,3,3,4,4,4,20
1638,1,3,1,5,3,13
1639,1,4,5,1,1,10
1640,5,1,1,5,1,16
1641,5,3,2,1,4,15
1642,2,2,3,3,3,13
1643,2,5,5,1,2,15
1644,2,5,2,3,3,15
1645,1,4,4,5,2,19
1646,1,3,5,5,4,18
1647,5,5,4,4,3,21
1648,3,3,3,4,1,14
1649,2,4,5,3,5,19
1650,4,1,5,3,1,13
1651,2,5,2,2,2,13
1652,5,2,1,2,4,14
1653,1,4,5,2,3,15
1654,5,1,3,5,4,18
1655,5,2,5,1,4,17
1656,5,2,5,3,2,17
1657,4,5,5,4,4,22
1658,4,3,5,3,3,18
1659,2,4,3,1,1,13
1660,1,2,2,3,4,12
1661,5,5,1,4,3,18
1662,3,1,3,4,3,14
1663,2,2,3,1,2,13
1664,2,1,4,4,4,15
1665,5,4,1,5,2,17
1666,2,5,2,4,1,14
1667,5,1,2,1,1,12
1668,2,3,4,1,3,13
1669,1,1,4,3,4,13
1670,2,1,3,4,3,13
1671,2,5,2,4,4,17
1672,3,5,2,1,2,13
1673,1,2,2,3,1,9
1674,1,1,3,3,1,11
1675,1,1,2,5,2,11
1676,2,5,5,5,5,22
1677,4,3,4,1,5,17
1678,2,5,4,3,5,19
1679,5,3,4,3,4,19
1680,3,5,4,5,2,19
1681,1,4,5,5,4,19
1682,5,1,1,1,4,12
1683,5,3,2,3,2,17
1684,4,4,4,1,4,17
1685,1,3,2,5,2,15
1686,2,2,2,4,5,15
1687,1,2,5,5,5,18
1688,3,1,2,3,4,13
1689,1,4,4,1,1,11
1690,5,4,2,3,2,16
1691,5,2,5,5,3,20
1692,2,1,4,5,3,15
1693,2,2,5,2,4,15
1694,2,4,3,5,1,17
1695,3,3,1,3,2,12
1696,1,4,2,1,5,12
1697,4,1,2,1,4,14
1698,1,4,2,2,2,11
1699,2,5,3,3,2,15
1700,3,4,1,5,2,15
1701,1,5,5,4,1,16
1702,5,2,3,1,2,13
1703,1,5,3,3,1,13
1704,5,4,4,2,1,16
1705,1,4,3,4,2,14
1706,1,4,3,3,5,16
1707,1,1,2,5,2,11
1708,2,2,4,1,5,13
1709,5,5,5,5,4,24
1710,3,3,1,2,3,14
1711,4,5,5,1,4,19
1712,5,4,4,4,1,18
1713,2,3,2,1,4,15
1714,5,3,1,5,3,17
1715,3,5,5,3,3,19
1716,5,5,1,3,5,19
1717,2,5,1,3,4,15
1718,2,5,1,2,1,11
1719,4,2,3,2,1,12
1720,3,1,4,3,5,16
1721,4,1,4,4,5,18
1722,1,5,2,5,4,17
1723,2,1,5,4,5,17
1724,4,5,2,3,3,17
1725,2,5,5,5,1,21
1726,2,5,1,2,3,13
1727,1,2,5,1,2,11
1728,2,4,5,1,3,15
1729,4,1,1,5,1,12
1730,3,1,2,4,2,10
1731,5,2,5,5,4,21
1732,4,2,2,4,2,14
1733,1,5,2,4,5,17
1734,5,5,4,1,1,16
1735,2,4,1,2,5,14
1736,4,1,1,3,3,15
1737,5,2,3,2,4,18
1738,4,4,2,3,1,17
1739,2,1,3,1,4,11
1740,4,4,1,3,1,13
1741,1,4,1,4,5,15
1742,5,5,3,5,3,21
1743,5,4,1,3,2,15
1744,5,5,1,2,4,17
1745,4,1,4,1,1,14
1746,2,1,5,1,1,10
1747,4,5,4,5,4,22
1748,4,3,5,4,2,18
1749,5,4,4,4,3,20
1750,2,1,4,1,1,9
1751,3,4,2,4,1,17
1752,2,3,3,5,4,17
1753,4,4,4,1,4,17
1754,1,3,2,4,1,13
1755,2,2,4,3,1,12
1756,5,3,3,3,1,15
1757,1,1,2,4,5,13
1758,3,5,5,3,1,17
1759,3,5,3,5,3,19
1760,1,4,1,2,3,11
1761,3,2,2,5,2,14
1762,1,4,1,5,4,15
1763,4,3,2,4,2,15
1764,1,5,5,5,1,19
1765,4,3,2,4,4,17
1766,5,5,4,1,1,18
1767,5,5,1,4,4,17
1768,3,5,1,4,5,18
1769,1,1,2,1,5,10
1770,4,3,4,2,5,18
1771,5,4,4,1,2,16
1772,5,2,2,4,4,17
1773,5,4,3,3,2,17
1774,3,3,5,4,4,19
1775,5,2,2,1,1,11
1776,2,4,4,4,5,22
1777,3,2,5,1,5,16
1778,1,3,2,5,4,15
1779,2,5,5,2,2,16
1780,3,3,3,2,2,13
1781,3,1,4,1,3,15
1782,4,2,3,2,5,16
1783,2,3,3,3,5,19
1784,2,5,4,3,2,16
1785,2,5,3,2,5,17
1786,5,3,2,1,2,16
1787,5,4,2,3,3,17
1788,1,3,5,2,4,15
1789,1,5,2,4,4,16
1790,1,3,2,3,3,12
1791,5,1,5,5,5,23
1792,4,4,1,3,1,13
1793,1,3,4,2,5,15
1794,3,5,2,2,2,14
1795,5,3,5,2,1,16
1796,4,3,3,1,3,14
1797,3,2,3,1,4,13
1798,3,3,2,4,4,16
1799,5,1,4,4,5,19
1800,2,5,5,3,4,19
1801,4,2,5,2,5,17
1802,5,3,5,4,2,19
1803,2,4,5,2,2,15
1804,5,1,5,3,3,19
1805,5,1,4,1,2,16
1806,3,1,5,4,5,21
1807,5,2,4,5,4,20
1808,2,3,4,5,2,16
1809,3,1,4,5,2,17
1810,2,3,3,5,5,18
1811,2,4,1,5,2,14
1812,3,3,2,5,4,17
1813,2,3,3,5,4,17
1814,1,3,1,4,4,13
1815,5,5,3,5,4,22
1816,3,2,4,5,1,17
1817,3,3,4,3,4,20
1818,1,1,5,4,1,12
1819,1,5,4,3,4,17
1820,1,3,3,2,4,16
1821,1,5,2,5,5,18
1822,4,2,4,1,4,15
1823,3,5,1,5,2,16
1824,2,1,3,5,4,15
1825,3,3,1,3,3,13
1826,3,1,5,2,5,16
1827,3,4,5,3,5,22
1828,1,5,2,4,4,16
1829,1,5,3,2,3,14
1830,4,5,2,2,4,17
1831,3,2,1,2,2,10
1832,5,1,2,3,5,16
1833,4,4,1,5,5,19
1834,1,2,2,5,3,13
1835,3,2,5,5,1,16
1836,1,3,3,5,3,15
1837,2,4,2,5,2,17
1838,1,5,1,4,3,14
1839,1,5,3,1,1,11
1840,4,3,5,2,2,16
1841,2,5,5,1,2,15
1842,5,1,4,4,1,18
1843,5,5,3,5,4,22
1844,5,1,2,4,3,15
1845,3,3,5,4,2,17
1846,5,3,2,1,3,17
1847,3,1,2,2,1,9
1848,1,5,1,3,5,18
1849,5,3,2,3,1,14
1850,4,3,4,2,3,16
1851,2,1,3,5,2,13
1852,2,3,3,4,3,15
1853,1,5,1,5,5,19
1854,2,3,4,4,2,15
1855,2,1,4,3,5,15
1856,1,5,3,2,4,15
1857,1,4,4,1,1,11
1858,1,1,5,1,4,12
1859,4,4,2,2,3,15
1860,1,3,2,3,4,13
1861,1,5,3,4,1,14
1862,1,3,3,1,2,10
1863,5,5,4,3,5,22
1864,5,2,1,2,2,15
1865,4,3,3,5,4,19
1866,4,3,3,3,3,18
1867,2,3,3,3,4,15
1868,5,1,4,5,1,16
1869,4,5,5,3,1,21
1870,4,5,3,1,3,16
1871,2,5,5,1,2,17
1872,1,1,4,1,1,8
1873,3,5,1,3,1,13
1874,2,3,2,3,3,13
1875,3,4,2,3,2,14
1876,2,2,2,2,4,12
1877,2,5,2,5,5,19
1878,1,1,4,3,3,12
1879,4,1,2,5,2,17
1880,5,5,4,4,5,25
1881,2,4,1,1,3,11
1882,1,5,3,2,4,15
1883,3,1,3,5,4,19
1884,4,2,3,1,2,12
1885,2,4,4,2,2,14
1886,3,5,4,1,4,17
1887,2,2,4,3,4,18
1888,5,5,1,3,3,17
1889,5,4,5,1,2,17
1890,4,1,4,2,5,16
1891,3,4,4,1,4,16
1892,5,3,3,4,5,20
1893,1,5,2,2,2,12
1894,4,2,2,2,2,12
1895,2,2,1,1,1,7
1896,3,4,2,5,4,18
1897,3,4,5,1,2,15
1898,1,4,3,5,2,15
1899,5,2,1,2,4,14
1900,3,1,2,3,1,10
1901,1,2,2,3,1,9
1902,1,1,3,1,1,7
1903,2,4,1,5,1,13
1904,1,3,3,1,3,11
1905,4,2,1,4,4,15
1906,3,4,2,1,4,14
1907,4,2,3,1,4,17
1908,1,4,3,1,1,12
1909,1,2,5,1,1,13
1910,4,5,3,5,2,19
1911,2,2,1,5,3,13
1912,1,5,5,5,4,18
1913,4,1,3,4,3,15
1914,4,2,3,4,4,17
1915,3,1,5,1,1,13
1916,2,3,2,5,1,13
1917,5,5,3,4,4,21
1918,4,2,4,3,5,18
1919,3,1,2,1,1,8
1920,5,4,3,2,2,16
1921,3,1,2,5,1,15
1922,3,2,1,1,2,9
1923,2,3,2,1,3,14
1924,1,5,5,2,1,14
1925,2,4,3,3,1,11
1926,5,1,2,4,3,18
1927,2,2,4,4,2,17
1928,1,2,1,2,5,11
1929,2,5,1,2,2,12
1930,2,4,2,4,4,15
1931,2,1,5,3,4,17
1932,4,1,1,3,4,13
1933,4,1,2,1,3,11
1934,2,5,2,2,2,13
1935,1,5,1,2,1,8
1936,1,4,2,2,4,16
1937,1,1,2,4,2,10
1938,1,1,4,4,1,11
1939,3,4,2,4,2,15
1940,2,4,2,3,3,14
1941,2,4,5,4,4,19
1942,3,2,1,1,5,12
1943,1,4,5,4,4,18
1944,5,3,3,3,4,18
1945,5,5,5,2,3,20
1946,3,4,3,1,1,12
1947,5,2,3,3,4,17
1948,4,3,5,5,1,18
1949,2,2,4,2,1,11
1950,5,2,5,4,3,19
1951,4,2,1,3,4,16
1952,2,2,5,5,3,17
1953,4,1,4,3,3,17
1954,2,5,5,4,5,21
1955,2,1,4,3,3,13
1956,5,3,1,5,5,19
1957,3,1,2,3,1,13
1958,5,3,4,1,1,12
1959,1,4,4,1,2,12
1960,4,3,4,4,2,17
1961,1,1,1,5,1,9
1962,2,1,3,5,4,15
1963,5,3,4,5,2,19
1964,1,1,1,5,3,11
1965,1,3,2,5,2,13
1966,1,2,4,2,1,10
1967,2,5,3,3,4,17
1968,2,3,1,5,1,12
1969,2,2,2,1,4,11
1970,1,2,3,3,2,11
1971,4,2,2,4,3,15
1972,5,2,3,4,3,19
1973,5,3,5,5,1,19
1974,2,1,5,2,4,14
1975,1,2,5,2,2,12
1976,4,4,2,3,4,17
1977,3,2,5,2,4,16
1978,2,1,1,4,4,12
1979,3,1,1,5,2,12
1980,5,5,5,1,4,20
1981,5,5,3,4,3,22
1982,4,2,3,4,1,16
1983,4,2,2,3,5,16
1984,3,5,3,2,4,17
1985,5,2,4,1,3,15
1986,4,4,3,1,3,15
1987,4,3,1,2,1,11
1988,5,5,3,5,1,19
1989,5,5,2,2,5,19
1990,1,1,3,5,5,15
1991,4,2,2,1,5,14
1992,3,5,4,3,2,17
1993,2,5,5,4,2,18
1994,2,4,4,1,3,14
1995,5,2,1,1,1,10
1996,3,3,4,1,4,15
1997,1,4,4,4,1,14
1998,4,3,1,5,2,17
1999,1,1,1,3,3,9
2000,3,5,5,3,4,20
